Product_ID,Sales_MAE,Returns_MAE
P001,0.09733426570892334,0.14408259093761444
P002,0.08716665953397751,0.12441793084144592
P003,0.09501412510871887,0.1352500021457672
P004,0.07359303534030914,0.12010069191455841
P005,0.08407140523195267,0.13470108807086945
